{"cam0": [[0.9114244537470148, -0.39021378663434586, -0.1305322405861541, 0.3436394369875735], [-0.27305053224783377, -0.33626203855658526, -0.9013163974237596, 0.2302076904658593], [0.3078130470774933, 0.8571237029427287, -0.41302552693824396, -0.11670718725086857], [0.0, 0.0, 0.0, 1.0]], "cam1": [[-0.855950423404892, 0.5169025693822223, -0.012673059577028023, -0.29894523943144125], [0.20259701159193277, 0.3127332385259757, -0.9279829591189022, -0.24180355177042845], [-0.4757134889479216, -0.7968749307683813, -0.37240706377012145, 1.0566861068355962], [0.0, 0.0, 0.0, 1.0]], "cam2": [[0.9482102159733093, 0.31218378348118386, -0.05864018805584206, -0.19674902576443484], [0.07215488472472797, -0.3914742512158704, -0.917355756097565, 0.2939953160522001], [-0.3093397144470985, 0.8656149236042244, -0.393725469203404, -0.1502389127073737], [0.0, 0.0, 0.0, 1.0]], "cam3": [[-0.9024288104312612, -0.4284787915662518, 0.04503517826703177, 0.2375718732100481], [-0.18111426379111237, 0.2824365714608257, -0.9420335485283196, -0.20403551788099183], [0.39092181514341484, -0.8582747277412861, -0.33248252009030366, 1.0980508309652297], [0.0, 0.0, 0.0, 1.0]]}