{"cam0": [[0.8945842832157449, -0.4455897685155878, 0.03418652391800747, 0.3029492402072183], [-0.21495492101208352, -0.49609391963437466, -0.8412402777057763, 0.24325083190315536], [0.3918077872580643, 0.7452117692951631, -0.5395795369988673, -0.008996496082039908], [0.0, 0.0, 0.0, 1.0]], "cam1": [[-0.7506161304678634, 0.6602648151649448, -0.025015965635024284, -0.485022755363979], [0.28338086281384023, 0.2874954721682139, -0.9148997978323409, -0.24002240778392675], [-0.596884169058231, -0.6938275919405167, -0.40290515185299935, 0.9772100428919457], [0.0, 0.0, 0.0, 1.0]], "cam2": [[0.9333407559910769, 0.3381259051668562, -0.12060640721412151, -0.1702827081187234], [0.05449019994381643, -0.4655006515884653, -0.8833685309545484, 0.28190480656889155], [-0.35483214526884005, 0.8179119852562428, -0.4528952782466432, -0.06501814781068832], [0.0, 0.0, 0.0, 1.0]], "cam3": [[-0.8710640509415833, -0.4883171473913346, -0.052856245807173796, 0.32125331569649956], [-0.15519610076324367, 0.37573394501184, -0.9136400674629612, -0.3005443546763129], [0.4660059972415847, -0.7876359350165716, -0.40307324942924094, 1.0488164962384379], [0.0, 0.0, 0.0, 1.0]]}