{"cam0": [[0.9253991475344754, -0.35434456199676173, -0.13444831395666215, 0.3317704833307717], [-0.26807656334421415, -0.3612320832637835, -0.8931104848821687, 0.24175505583019696], [0.2679017990384194, 0.862526123316987, -0.42927533433421045, -0.12339323887425539], [0.0, 0.0, 0.0, 1.0]], "cam2": [[0.9475710389091057, 0.3152172963196213, -0.05241357001451534, -0.198264354112537], [0.08768496035924947, -0.4142263078592464, -0.9059403477073387, 0.30365148508316786], [-0.3072791466199999, 0.8538469546577098, -0.420148669014005, -0.1429666101970597], [0.0, 0.0, 0.0, 1.0]], "cam3": [[-0.8812625817447204, -0.4668835040281721, -0.07345784970311507, 0.28897715989332107], [-0.03165514374964121, 0.2133826350464674, -0.9764557352664869, -0.11394748184268352], [0.47156570474412063, -0.8581885834284919, -0.20282539629488933, 1.0902230907317114], [0.0, 0.0, 0.0, 1.0]], "cam1": [[-0.8740496769828001, 0.48522884219205903, -0.02429265055971968, -0.272950745787367], [0.18254599286426204, 0.28166268568526465, -0.9419889022604054, -0.21552853886300827], [-0.45023785120252097, -0.827779621757819, -0.33476376020563914, 1.0674769358796232], [0.0, 0.0, 0.0, 1.0]]}